CodMunicipio;Municipi;Casos PCR+;Incidència acumulada PCR+;Casos PCR+ 14 dies;Incidència acumulada PCR+14;Defuncions;Taxa de defunció
46001;Ademuz; 42; 4030,71; 16; 1535,51; 0; 0,0
46002;Ador; 22; 1458,89; 1; 66,31; 1; 66,31
3001;Adsubia; 1; 158,23; 0; 0,0; 0; 0,0
3002;Agost; 80; 1681,38; 10; 210,17; 1; 21,02
3003;Agres; 1; 176,99; 0; 0,0; 0; 0,0
46004;Agullent; 27; 1120,33; 7; 290,46; 3; 124,48
46042;Aielo de Malferit; 86; 1862,28; 14; 303,16; 0; 0,0
46043;Aielo de Rugat; 0; 0,0; 0; 0,0; 0; 0,0
3004;Aigües; 5; 519,21; 0; 0,0; 0; 0,0
46005;Alaquàs; 760; 2570,95; 77; 260,48; 13; 43,98
46006;Albaida; 112; 1898,31; 22; 372,88; 0; 0,0
46007;Albal; 264; 1609,85; 36; 219,53; 2; 12,2
46008;Albalat de la Ribera; 79; 2351,19; 9; 267,86; 1; 29,76
46009;Albalat dels Sorells; 73; 1835,55; 14; 352,02; 0; 0,0
46010;Albalat dels Tarongers; 23; 1866,88; 2; 162,34; 1; 81,17
3005;Albatera; 377; 3070,28; 22; 179,17; 5; 40,72
46011;Alberic; 267; 2536,58; 27; 256,51; 1; 9,5
12003;Albocàsser; 36; 2900,89; 1; 80,58; 2; 161,16
46012;Alborache; 45; 3879,31; 1; 86,21; 9; 775,86
46013;Alboraya; 474; 1938,33; 42; 171,75; 7; 28,63
46014;Albuixech; 71; 1767,49; 6; 149,37; 8; 199,15
3006;Alcalalí; 7; 547,73; 0; 0,0; 0; 0,0
12004;Alcalà de Xivert; 171; 2559,88; 29; 434,13; 1; 14,97
3007;Alcocer de Planes; 2; 869,57; 0; 0,0; 0; 0,0
3008;Alcoleja; 4; 2312,14; 1; 578,03; 0; 0,0
12005;Alcora (l'); 240; 2306,58; 21; 201,83; 5; 48,05
3009;Alcoy/Alcoi; 1307; 2215,48; 184; 311,9; 93; 157,64
46018;Alcublas; 2; 318,47; 0; 0,0; 0; 0,0
12006;Alcudia de Veo; 3; 1578,95; 0; 0,0; 1; 526,32
46016;Alcàntera de Xúquer; 18; 1394,27; 2; 154,92; 2; 154,92
46015;Alcàsser; 160; 1593,78; 24; 239,07; 4; 39,84
46019;Alcúdia (l'); 417; 3472,4; 37; 308,1; 1; 8,33
46020;Alcúdia de Crespins (l'); 137; 2656,58; 28; 542,95; 2; 38,78
46021;Aldaia; 468; 1468,74; 24; 75,32; 9; 28,25
46022;Alfafar; 607; 2905,7; 51; 244,14; 15; 71,8
3010;Alfafara; 3; 731,71; 0; 0,0; 0; 0,0
46024;Alfara de Algimia; 7; 1256,73; 2; 359,07; 1; 179,53
46025;Alfara del Patriarca; 31; 936,56; 3; 90,63; 1; 30,21
46026;Alfarp; 22; 1424,87; 0; 0,0; 1; 64,77
46027;Alfarrasí; 28; 2285,71; 2; 163,27; 0; 0,0
46023;Alfauir; 4; 915,33; 1; 228,83; 0; 0,0
12007;Alfondeguilla; 4; 461,89; 0; 0,0; 0; 0,0
3011;Alfàs del Pi (l'); 180; 878,82; 11; 53,71; 5; 24,41
46028;Algar de Palancia; 6; 1247,4; 3; 623,7; 0; 0,0
46029;Algemesí; 760; 2780,73; 98; 358,57; 11; 40,25
46030;Algimia de Alfara; 7; 692,38; 0; 0,0; 0; 0,0
12008;Algimia de Almonacid; 0; 0,0; 0; 0,0; 0; 0,0
46031;Alginet; 224; 1674,14; 16; 119,58; 1; 7,47
3012;Algorfa; 37; 1260,65; 0; 0,0; 1; 34,07
3013;Algueña; 22; 1646,71; 3; 224,55; 0; 0,0
3014;Alicante/Alacant; 6229; 1860,03; 642; 191,71; 119; 35,53
12009;Almazora/Almassora; 541; 2059,38; 23; 87,55; 7; 26,65
12010;Almedíjar; 0; 0,0; 0; 0,0; 0; 0,0
12011;Almenara; 108; 1800,6; 24; 400,13; 6; 100,03
46033;Almiserà; 2; 763,36; 0; 0,0; 0; 0,0
46034;Almoines; 37; 1532,73; 5; 207,13; 0; 0,0
3015;Almoradí; 701; 3369,71; 40; 192,28; 10; 48,07
3016;Almudaina; 1; 884,96; 0; 0,0; 0; 0,0
46035;Almussafes; 118; 1315,94; 11; 122,67; 1; 11,15
46032;Almàssera; 217; 2952,78; 23; 312,97; 2; 27,21
46036;Alpuente; 4; 631,91; 1; 157,98; 0; 0,0
3017;Alqueria d'Asnar (l'); 22; 4462,47; 0; 0,0; 1; 202,84
46037;Alqueria de la Comtessa (l'); 22; 1490,51; 2; 135,5; 1; 67,75
12901;Alquerías del Niño Perdido; 64; 1438,53; 12; 269,72; 2; 44,95
3018;Altea; 165; 740,24; 15; 67,29; 5; 22,43
12012;Altura; 23; 651,93; 0; 0,0; 0; 0,0
46017;Alzira; 955; 2153,23; 97; 218,7; 15; 33,82
46038;Andilla; 1; 313,48; 0; 0,0; 0; 0,0
46039;Anna; 20; 761,04; 2; 76,1; 4; 152,21
46040;Antella; 19; 1617,02; 2; 170,21; 5; 425,53
46041;Aras de los Olmos; 1; 262,47; 0; 0,0; 0; 0,0
12013;Arañuel; 0; 0,0; 0; 0,0; 0; 0,0
12014;Ares del Maestrat; 1; 537,63; 0; 0,0; 0; 0,0
12015;Argelita; 0; 0,0; 0; 0,0; 0; 0,0
12016;Artana; 40; 2054,44; 2; 102,72; 0; 0,0
3019;Aspe; 350; 1689,68; 60; 289,66; 2; 9,66
46003;Atzeneta d'Albaida; 9; 772,53; 0; 0,0; 0; 0,0
12001;Atzeneta del Maestrat; 20; 1567,4; 0; 0,0; 0; 0,0
46044;Ayora; 196; 3689,76; 30; 564,76; 9; 169,43
12017;Ayódar; 2; 1257,86; 0; 0,0; 0; 0,0
12018;Azuébar; 7; 2222,22; 0; 0,0; 0; 0,0
12002;Aín; 1; 787,4; 1; 787,4; 0; 0,0
3020;Balones; 1; 763,36; 1; 763,36; 0; 0,0
3021;Banyeres de Mariola; 313; 4428,41; 21; 297,11; 7; 99,04
12020;Barracas; 7; 4320,99; 0; 0,0; 0; 0,0
46046;Barx; 19; 1487,86; 0; 0,0; 0; 0,0
46045;Barxeta; 61; 3810,12; 18; 1124,3; 0; 0,0
12022;Bejís; 0; 0,0; 0; 0,0; 0; 0,0
46048;Bellreguard; 88; 1909,72; 15; 325,52; 2; 43,4
46049;Bellús; 4; 1315,79; 0; 0,0; 0; 0,0
12024;Benafer; 1; 657,89; 0; 0,0; 0; 0,0
12025;Benafigos; 0; 0,0; 0; 0,0; 0; 0,0
46051;Benaguasil; 150; 1365,13; 5; 45,5; 0; 0,0
46050;Benagéber; 1; 520,83; 0; 0,0; 0; 0,0
12026;Benasal; 13; 1217,23; 1; 93,63; 0; 0,0
3022;Benasau; 0; 0,0; 0; 0,0; 0; 0,0
46052;Benavites; 12; 1938,61; 2; 323,1; 1; 161,55
3023;Beneixama; 22; 1305,64; 6; 356,08; 1; 59,35
46053;Beneixida; 3; 460,83; 1; 153,61; 0; 0,0
3024;Benejúzar; 126; 2332,47; 25; 462,79; 4; 74,05
46054;Benetússer; 528; 3567,81; 59; 398,68; 5; 33,79
3025;Benferri; 66; 3398,56; 3; 154,48; 0; 0,0
3026;Beniarbeig; 25; 1195,03; 0; 0,0; 0; 0,0
3027;Beniardá; 0; 0,0; 0; 0,0; 0; 0,0
46055;Beniarjó; 35; 1983,0; 1; 56,66; 1; 56,66
3028;Beniarrés; 21; 1878,35; 0; 0,0; 0; 0,0
46056;Beniatjar; 4; 1793,72; 1; 448,43; 0; 0,0
12027;Benicarló; 762; 2831,45; 126; 468,19; 10; 37,16
12028;Benicasim/Benicàssim; 276; 1517,15; 13; 71,46; 6; 32,98
46057;Benicolet; 9; 1581,72; 1; 175,75; 0; 0,0
46904;Benicull de Xúquer; 11; 1086,96; 0; 0,0; 0; 0,0
3030;Benidoleig; 6; 547,95; 0; 0,0; 0; 0,0
3031;Benidorm; 1379; 2006,66; 67; 97,5; 75; 109,14
46059;Benifairó de la Valldigna; 34; 2164,23; 8; 509,23; 0; 0,0
46058;Benifairó de les Valls; 24; 1097,9; 2; 91,49; 0; 0,0
46060;Benifaió; 476; 3979,27; 38; 317,67; 4; 33,44
3032;Benifallim; 0; 0,0; 0; 0,0; 0; 0,0
3033;Benifato; 0; 0,0; 0; 0,0; 0; 0,0
46061;Beniflá; 1; 218,82; 0; 0,0; 0; 0,0
3029;Benigembla; 0; 0,0; 0; 0,0; 0; 0,0
46062;Benigánim; 314; 5375,79; 15; 256,81; 7; 119,84
3034;Benijófar; 70; 2107,16; 4; 120,41; 1; 30,1
3035;Benilloba; 18; 2486,19; 3; 414,36; 0; 0,0
3036;Benillup; 0; 0,0; 0; 0,0; 0; 0,0
3037;Benimantell; 4; 828,16; 1; 207,04; 0; 0,0
3038;Benimarfull; 1; 244,5; 0; 0,0; 0; 0,0
3039;Benimassot; 0; 0,0; 0; 0,0; 0; 0,0
3040;Benimeli; 6; 1435,41; 1; 239,23; 0; 0,0
46063;Benimodo; 9; 396,83; 1; 44,09; 0; 0,0
46064;Benimuslem; 8; 1225,11; 1; 153,14; 0; 0,0
46065;Beniparrell; 37; 1895,49; 8; 409,84; 1; 51,23
46066;Benirredrà; 102; 6407,04; 1; 62,81; 9; 565,33
46067;Benisanó; 30; 1327,43; 1; 44,25; 0; 0,0
3041;Benissa; 84; 763,29; 6; 54,52; 3; 27,26
46068;Benissoda; 5; 1162,79; 0; 0,0; 0; 0,0
46069;Benisuera; 1; 515,46; 0; 0,0; 0; 0,0
3042;Benitachell/Poble Nou de Benitatxell (el); 22; 514,5; 0; 0,0; 2; 46,77
12029;Benlloch; 21; 2032,91; 0; 0,0; 0; 0,0
12021;Betxí; 75; 1328,61; 11; 194,86; 0; 0,0
3043;Biar; 66; 1797,88; 13; 354,13; 2; 54,48
46071;Bicorp; 10; 1876,17; 2; 375,23; 0; 0,0
3044;Bigastro; 199; 2955,59; 3; 44,56; 3; 44,56
46072;Bocairent; 97; 2312,28; 10; 238,38; 2; 47,68
46073;Bolbaite; 28; 2064,9; 3; 221,24; 1; 73,75
3045;Bolulla; 0; 0,0; 0; 0,0; 0; 0,0
46074;Bonrepòs i Mirambell; 79; 2140,34; 10; 270,93; 1; 27,09
12032;Borriana/Burriana; 678; 1954,85; 65; 187,41; 40; 115,33
12031;Borriol; 122; 2276,12; 6; 111,94; 4; 74,63
46075;Bufali; 1; 621,12; 0; 0,0; 0; 0,0
46076;Bugarra; 31; 4264,1; 0; 0,0; 0; 0,0
46078;Burjassot; 1101; 2895,54; 74; 194,61; 19; 49,97
3046;Busot; 27; 906,65; 0; 0,0; 1; 33,58
46077;Buñol; 196; 2083,33; 3; 31,89; 2; 21,26
46047;Bèlgida; 8; 1188,71; 0; 0,0; 2; 297,18
46070;Bétera; 607; 2500,82; 54; 222,48; 20; 82,4
12033;Cabanes; 19; 642,33; 2; 67,61; 3; 101,42
46079;Calles; 1; 281,69; 1; 281,69; 0; 0,0
3048;Callosa d'En Sarrià; 169; 2292,15; 32; 434,02; 9; 122,07
3049;Callosa de Segura; 759; 3986,76; 55; 288,9; 6; 31,52
3047;Calp; 191; 840,48; 26; 114,41; 6; 26,4
3050;Campello (el); 462; 1629,69; 42; 148,15; 20; 70,55
3051;Campo de Mirra/Camp de Mirra (el); 0; 0,0; 0; 0,0; 0; 0,0
46080;Camporrobles; 39; 3274,56; 8; 671,7; 0; 0,0
46081;Canals; 240; 1766,39; 37; 272,32; 4; 29,44
46082;Canet d'En Berenguer; 76; 1134,84; 11; 164,25; 2; 29,86
12036;Canet lo Roig; 15; 2225,52; 0; 0,0; 0; 0,0
46083;Carcaixent; 334; 1640,63; 29; 142,45; 6; 29,47
46085;Carlet; 723; 4635,21; 67; 429,54; 7; 44,88
46086;Carrícola; 0; 0,0; 0; 0,0; 0; 0,0
46087;Casas Altas; 0; 0,0; 0; 0,0; 0; 0,0
46088;Casas Bajas; 3; 1829,27; 2; 1219,51; 0; 0,0
46089;Casinos; 39; 1404,39; 0; 0,0; 1; 36,01
3053;Castalla; 165; 1629,79; 16; 158,04; 7; 69,14
12037;Castell de Cabres; 0; 0,0; 0; 0,0; 0; 0,0
3054;Castell de Castells; 2; 445,43; 0; 0,0; 1; 222,72
3075;Castell de Guadalest (el); 0; 0,0; 0; 0,0; 0; 0,0
12038;Castellfort; 1; 546,45; 1; 546,45; 0; 0,0
12039;Castellnovo; 5; 545,26; 0; 0,0; 0; 0,0
46091;Castellonet de la Conquesta; 3; 2040,82; 0; 0,0; 0; 0,0
46090;Castelló de Rugat; 25; 1099,38; 7; 307,83; 0; 0,0
12040;Castellón de la Plana/Castelló de la Plana; 3711; 2160,98; 217; 126,36; 82; 47,75
46092;Castielfabib; 0; 0,0; 0; 0,0; 0; 0,0
12041;Castillo de Villamalefa; 5; 4672,9; 0; 0,0; 0; 0,0
46093;Catadau; 39; 1404,39; 0; 0,0; 1; 36,01
46094;Catarroja; 616; 2190,61; 64; 227,6; 22; 78,24
3055;Catral; 152; 1759,46; 21; 243,08; 3; 34,73
12042;Catí; 2; 277,39; 0; 0,0; 1; 138,7
46095;Caudete de las Fuentes; 57; 8142,86; 1; 142,86; 0; 0,0
12043;Caudiel; 4; 602,41; 3; 451,81; 0; 0,0
3052;Cañada; 13; 1065,57; 0; 0,0; 1; 81,97
46096;Cerdà; 3; 906,34; 0; 0,0; 0; 0,0
12044;Cervera del Maestre; 12; 2086,96; 0; 0,0; 0; 0,0
46107;Chella; 58; 2381,93; 15; 616,02; 0; 0,0
46106;Chelva; 23; 1544,66; 5; 335,8; 1; 67,16
46108;Chera; 6; 1265,82; 0; 0,0; 0; 0,0
12052;Chert/Xert; 15; 2139,8; 1; 142,65; 1; 142,65
46109;Cheste; 155; 1824,82; 7; 82,41; 4; 47,09
12053;Chilches/Xilxes; 17; 634,57; 2; 74,65; 0; 0,0
46111;Chiva; 330; 2182,11; 9; 59,51; 12; 79,35
12055;Chodos/Xodos; 0; 0,0; 0; 0,0; 0; 0,0
46112;Chulilla; 6; 902,26; 3; 451,13; 0; 0,0
12056;Chóvar; 2; 694,44; 1; 347,22; 0; 0,0
12045;Cinctorres; 10; 2557,54; 0; 0,0; 1; 255,75
12046;Cirat; 1; 497,51; 0; 0,0; 0; 0,0
3056;Cocentaina; 163; 1416,04; 34; 295,37; 7; 60,81
46097;Cofrentes; 21; 1858,41; 2; 176,99; 1; 88,5
3057;Confrides; 0; 0,0; 0; 0,0; 0; 0,0
46098;Corbera; 64; 2064,52; 13; 419,35; 0; 0,0
12048;Cortes de Arenoso; 2; 628,93; 1; 314,47; 0; 0,0
46099;Cortes de Pallás; 13; 1597,05; 2; 245,7; 0; 0,0
12049;Costur; 6; 1145,04; 0; 0,0; 1; 190,84
46100;Cotes; 8; 2402,4; 1; 300,3; 0; 0,0
12050;Coves de Vinromà (les); 45; 2468,46; 9; 493,69; 0; 0,0
3058;Cox; 165; 2261,2; 15; 205,56; 3; 41,11
3059;Crevillent; 629; 2172,56; 55; 189,97; 10; 34,54
12051;Culla; 5; 1010,1; 4; 808,08; 0; 0,0
46105;Cullera; 255; 1151,5; 17; 76,77; 2; 9,03
12034;Càlig; 19; 974,36; 1; 51,28; 0; 0,0
46084;Càrcer; 77; 4135,34; 7; 375,94; 2; 107,41
46113;Daimús; 78; 2502,41; 7; 224,57; 2; 64,16
3061;Daya Nueva; 39; 2245,25; 3; 172,71; 2; 115,14
3062;Daya Vieja; 7; 1014,49; 0; 0,0; 1; 144,93
3064;Dolores; 266; 3560,91; 33; 441,77; 6; 80,32
46114;Domeño; 4; 564,97; 0; 0,0; 0; 0,0
46115;Dos Aguas; 2; 531,91; 2; 531,91; 0; 0,0
3063;Dénia; 982; 2328,89; 40; 94,86; 13; 30,83
3065;Elche/Elx; 5274; 2268,22; 504; 216,76; 41; 17,63
3066;Elda; 2261; 4297,01; 226; 429,51; 58; 110,23
46116;Eliana (l'); 357; 1957,77; 59; 323,55; 6; 32,9
46117;Emperador; 6; 873,36; 0; 0,0; 0; 0,0
46118;Enguera; 68; 1430,98; 3; 63,13; 2; 42,09
12057;Eslida; 18; 2371,54; 0; 0,0; 0; 0,0
12058;Espadilla; 0; 0,0; 0; 0,0; 0; 0,0
46120;Estivella; 41; 2815,93; 6; 412,09; 0; 0,0
46121;Estubeny; 1; 826,45; 0; 0,0; 0; 0,0
3067;Facheca; 0; 0,0; 0; 0,0; 0; 0,0
3068;Famorca; 0; 0,0; 0; 0,0; 0; 0,0
12059;Fanzara; 2; 749,06; 0; 0,0; 0; 0,0
46122;Faura; 62; 1752,4; 11; 310,91; 2; 56,53
46123;Favara; 43; 1707,7; 1; 39,71; 4; 158,86
12060;Figueroles; 3; 573,61; 0; 0,0; 0; 0,0
3069;Finestrat; 54; 804,17; 4; 59,57; 4; 59,57
46126;Foios; 138; 1873,22; 15; 203,61; 2; 27,15
3077;Fondó de les Neus (el)/Hondón de las Nieves; 28; 1100,63; 0; 0,0; 1; 39,31
46127;Font d'En Carròs (la); 33; 869,79; 5; 131,79; 0; 0,0
46128;Font de la Figuera (la); 25; 1226,69; 0; 0,0; 0; 0,0
46124;Fontanars dels Alforins; 29; 2986,61; 0; 0,0; 0; 0,0
12061;Forcall; 51; 10967,74; 0; 0,0; 1; 215,05
3070;Formentera del Segura; 53; 1264,61; 7; 167,02; 5; 119,3
46125;Fortaleny; 8; 779,73; 0; 0,0; 1; 97,47
12063;Fuente la Reina; 0; 0,0; 0; 0,0; 0; 0,0
46129;Fuenterrobles; 19; 2785,92; 0; 0,0; 1; 146,63
12064;Fuentes de Ayódar; 0; 0,0; 0; 0,0; 0; 0,0
3072;Gaianes; 0; 0,0; 0; 0,0; 0; 0,0
12065;Gaibiel; 1; 531,91; 0; 0,0; 0; 0,0
46131;Gandia; 1640; 2199,51; 286; 383,57; 12; 16,09
3071;Gata de Gorgos; 55; 909,24; 15; 247,97; 0; 0,0
46130;Gavarda; 4; 385,36; 1; 96,34; 0; 0,0
12067;Geldo; 3; 472,44; 0; 0,0; 1; 157,48
46132;Genovés; 36; 1266,71; 5; 175,93; 0; 0,0
46133;Gestalgar; 6; 1079,14; 0; 0,0; 0; 0,0
46134;Gilet; 43; 1293,62; 6; 180,51; 0; 0,0
46135;Godella; 297; 2269,25; 36; 275,06; 2; 15,28
46136;Godelleta; 24; 679,31; 0; 0,0; 1; 28,3
3073;Gorga; 1; 401,61; 1; 401,61; 0; 0,0
46137;Granja de la Costera (la); 1; 350,88; 0; 0,0; 0; 0,0
3074;Granja de Rocamora; 42; 1627,91; 5; 193,8; 0; 0,0
46138;Guadasequies; 6; 1282,05; 0; 0,0; 0; 0,0
46139;Guadassuar; 296; 5022,91; 17; 288,48; 6; 101,82
46140;Guardamar de la Safor; 0; 0,0; 0; 0,0; 0; 0,0
3076;Guardamar del Segura; 227; 1479,02; 10; 65,16; 13; 84,7
46902;Gátova; 0; 0,0; 0; 0,0; 0; 0,0
12068;Herbés; 0; 0,0; 0; 0,0; 0; 0,0
12069;Higueras; 0; 0,0; 0; 0,0; 0; 0,0
46141;Higueruelas; 6; 1200,0; 0; 0,0; 0; 0,0
3078;Hondón de los Frailes; 22; 1836,39; 1; 83,47; 0; 0,0
3079;Ibi; 489; 2081,83; 38; 161,78; 13; 55,35
3080;Jacarilla; 28; 1384,77; 0; 0,0; 0; 0,0
46142;Jalance; 38; 4578,31; 0; 0,0; 8; 963,86
12070;Jana (la); 1; 148,15; 0; 0,0; 0; 0,0
46144;Jarafuel; 14; 1856,76; 0; 0,0; 4; 530,5
3083;Jijona/Xixona; 119; 1733,43; 14; 203,93; 2; 29,13
3082;Jávea/Xàbia; 260; 941,89; 34; 123,17; 3; 10,87
12071;Jérica; 13; 839,79; 1; 64,6; 0; 0,0
46154;Llanera de Ranes; 30; 2843,6; 6; 568,72; 0; 0,0
46155;Llaurí; 4; 341,88; 1; 85,47; 0; 0,0
46151;Llocnou d'En Fenollet; 31; 3384,28; 8; 873,36; 1; 109,17
46152;Llocnou de la Corona; 0; 0,0; 0; 0,0; 0; 0,0
46153;Llocnou de Sant Jeroni; 13; 2380,95; 6; 1098,9; 0; 0,0
46156;Llombai; 40; 1489,76; 2; 74,49; 1; 37,24
12074;Llosa (la); 11; 1156,68; 1; 105,15; 3; 315,46
46157;Llosa de Ranes (la); 102; 2853,15; 35; 979,02; 1; 27,97
46150;Llutxent; 55; 2345,42; 3; 127,93; 0; 0,0
3085;Llíber; 2; 213,9; 1; 106,95; 0; 0,0
46147;Llíria; 589; 2533,01; 61; 262,33; 15; 64,51
3084;Lorcha/Orxa (l'); 4; 692,04; 1; 173,01; 0; 0,0
46148;Loriguilla; 13; 641,98; 0; 0,0; 1; 49,38
46149;Losa del Obispo; 2; 394,48; 1; 197,24; 0; 0,0
12072;Lucena del Cid; 28; 2150,54; 0; 0,0; 0; 0,0
12073;Ludiente; 0; 0,0; 0; 0,0; 0; 0,0
46158;Macastre; 9; 701,48; 0; 0,0; 0; 0,0
46159;Manises; 674; 2179,89; 30; 97,03; 24; 77,62
46160;Manuel; 33; 1359,14; 11; 453,05; 0; 0,0
46161;Marines; 17; 929,98; 2; 109,41; 0; 0,0
46162;Masalavés; 14; 877,19; 0; 0,0; 0; 0,0
46163;Massalfassar; 37; 1498,58; 5; 202,51; 0; 0,0
46164;Massamagrell; 404; 2532,6; 40; 250,75; 6; 37,61
46165;Massanassa; 195; 2017,17; 14; 144,82; 3; 31,03
12075;Mata de Morella (la); 3; 1807,23; 0; 0,0; 0; 0,0
12076;Matet; 0; 0,0; 0; 0,0; 0; 0,0
46166;Meliana; 210; 1940,49; 35; 323,42; 4; 36,96
46167;Millares; 3; 869,57; 1; 289,86; 0; 0,0
3086;Millena; 0; 0,0; 0; 0,0; 0; 0,0
46168;Miramar; 45; 1708,43; 1; 37,97; 1; 37,97
46169;Mislata; 935; 2140,03; 41; 93,84; 15; 34,33
46170;Mogente/Moixent; 127; 2952,12; 12; 278,94; 0; 0,0
46171;Moncada; 513; 2338,73; 59; 268,98; 10; 45,59
12077;Moncofa; 93; 1425,29; 3; 45,98; 2; 30,65
3088;Monforte del Cid; 207; 2535,21; 13; 159,22; 2; 24,49
12079;Montanejos; 15; 2622,38; 0; 0,0; 0; 0,0
46173;Montaverner; 30; 1840,49; 0; 0,0; 0; 0,0
46174;Montesa; 16; 1374,57; 2; 171,82; 0; 0,0
3903;Montesinos (Los); 43; 865,54; 2; 40,26; 1; 20,13
46175;Montitxelvo/Montichelvo; 1; 171,23; 0; 0,0; 0; 0,0
46176;Montroy; 43; 1499,83; 3; 104,64; 1; 34,88
46172;Montserrat; 115; 1459,76; 11; 139,63; 1; 12,69
12078;Montán; 23; 6216,22; 0; 0,0; 5; 1351,35
3089;Monóvar/Monòver; 437; 3591,68; 60; 493,14; 10; 82,19
12080;Morella; 152; 6255,14; 1; 41,15; 22; 905,35
3091;Murla; 1; 212,77; 0; 0,0; 0; 0,0
3092;Muro de Alcoy; 180; 1930,5; 14; 150,15; 3; 32,18
46177;Museros; 183; 2833,69; 15; 232,27; 4; 61,94
3090;Mutxamel; 397; 1565,95; 26; 102,56; 12; 47,33
12081;Navajas; 5; 698,32; 1; 139,66; 0; 0,0
46179;Navarrés; 121; 4076,82; 28; 943,4; 5; 168,46
3093;Novelda; 523; 2038,91; 74; 288,49; 21; 81,87
46180;Novelé/Novetlè; 22; 2628,43; 5; 597,37; 0; 0,0
3094;Nucia (la); 174; 935,33; 5; 26,88; 1; 5,38
12082;Nules; 275; 2098,76; 18; 137,37; 7; 53,42
46178;Náquera; 35; 532,16; 4; 60,82; 0; 0,0
46181;Oliva; 327; 1302,74; 39; 155,37; 7; 27,89
46183;Olleria (l'); 277; 3345,01; 40; 483,03; 5; 60,38
46182;Olocau; 12; 677,58; 2; 112,93; 1; 56,47
12083;Olocau del Rey; 17; 14285,71; 0; 0,0; 0; 0,0
12084;Onda; 557; 2240,64; 33; 132,75; 8; 32,18
3095;Ondara; 85; 1232,96; 5; 72,53; 2; 29,01
3096;Onil; 159; 2118,02; 26; 346,34; 23; 306,38
46184;Ontinyent; 1172; 3315,7; 95; 268,76; 15; 42,44
3097;Orba; 19; 873,97; 4; 183,99; 0; 0,0
3099;Orihuela; 2031; 2623,56; 48; 62,0; 32; 41,34
12085;Oropesa del Mar/Orpesa; 150; 1652,71; 0; 0,0; 5; 55,09
3098;Orxeta; 7; 951,09; 0; 0,0; 0; 0,0
46185;Otos; 8; 1843,32; 1; 230,41; 0; 0,0
46186;Paiporta; 483; 1851,43; 40; 153,33; 8; 30,67
12087;Palanques; 0; 0,0; 0; 0,0; 0; 0,0
46187;Palma de Gandía; 9; 551,81; 1; 61,31; 1; 61,31
46188;Palmera; 4; 390,62; 2; 195,31; 0; 0,0
46189;Palomar (el); 1; 169,49; 0; 0,0; 0; 0,0
3100;Parcent; 4; 430,57; 0; 0,0; 0; 0,0
46190;Paterna; 1128; 1606,95; 127; 180,92; 15; 21,37
12088;Pavías; 0; 0,0; 0; 0,0; 0; 0,0
46191;Pedralba; 43; 1547,88; 2; 71,99; 1; 36,0
3101;Pedreguer; 93; 1207,95; 27; 350,69; 4; 51,95
3102;Pego; 55; 543,05; 7; 69,12; 0; 0,0
3103;Penàguila; 5; 1712,33; 0; 0,0; 0; 0,0
12089;Peníscola/Peñíscola; 206; 2706,25; 5; 65,69; 1; 13,14
3104;Petrer; 1292; 3769,4; 148; 431,79; 27; 78,77
46192;Petrés; 9; 902,71; 0; 0,0; 1; 100,3
46193;Picanya; 280; 2432,03; 24; 208,46; 11; 95,54
46194;Picassent; 412; 1967,34; 63; 300,83; 7; 33,43
3902;Pilar de la Horadada; 522; 2383,02; 29; 132,39; 20; 91,3
46195;Piles; 15; 558,66; 1; 37,24; 0; 0,0
12090;Pina de Montalgrao; 3; 2702,7; 1; 900,9; 0; 0,0
46196;Pinet; 2; 1273,89; 0; 0,0; 0; 0,0
3105;Pinós (el)/Pinoso; 450; 5649,01; 33; 414,26; 7; 87,87
3106;Planes; 1; 144,3; 0; 0,0; 0; 0,0
12093;Pobla de Benifassà (la); 1; 495,05; 0; 0,0; 0; 0,0
46199;Pobla de Farnals (la); 135; 1692,15; 8; 100,28; 3; 37,6
46202;Pobla de Vallbona (la); 422; 1727,17; 59; 241,48; 9; 36,84
46200;Pobla del Duc (la); 44; 1730,24; 12; 471,88; 1; 39,32
46203;Pobla Llarga (la); 82; 1841,87; 7; 157,23; 2; 44,92
12094;Pobla Tornesa (la); 17; 1403,8; 0; 0,0; 2; 165,15
3901;Poblets (els); 16; 591,5; 1; 36,97; 0; 0,0
46197;Polinyà de Xúquer; 35; 1415,86; 2; 80,91; 1; 40,45
3107;Polop; 32; 644,51; 2; 40,28; 1; 20,14
12091;Portell de Morella; 4; 2030,46; 0; 0,0; 0; 0,0
46198;Potríes; 14; 1338,43; 1; 95,6; 0; 0,0
12092;Puebla de Arenoso; 0; 0,0; 0; 0,0; 0; 0,0
46201;Puebla de San Miguel; 0; 0,0; 0; 0,0; 0; 0,0
46204;Puig; 258; 2989,57; 6; 69,52; 21; 243,34
46205;Puçol; 470; 2410,87; 62; 318,03; 13; 66,68
46101;Quart de les Valls; 18; 1821,86; 0; 0,0; 0; 0,0
46102;Quart de Poblet; 378; 1526,66; 13; 52,5; 11; 44,43
46103;Quartell; 52; 3178,48; 3; 183,37; 11; 672,37
46104;Quatretonda; 27; 1220,61; 1; 45,21; 0; 0,0
3060;Quatretondeta; 0; 0,0; 0; 0,0; 0; 0,0
46206;Quesa; 17; 2537,31; 3; 447,76; 2; 298,51
3109;Rafal; 99; 2200,98; 6; 133,39; 2; 44,46
46207;Rafelbuñol/Rafelbunyol; 185; 2069,12; 14; 156,58; 3; 33,55
46208;Rafelcofer; 18; 1338,29; 0; 0,0; 1; 74,35
46209;Rafelguaraf; 28; 1199,14; 3; 128,48; 1; 42,83
46212;Real; 23; 1067,78; 1; 46,43; 1; 46,43
46211;Real de Gandía; 48; 1950,43; 5; 203,17; 1; 40,63
3111;Redován; 142; 1804,55; 10; 127,08; 3; 38,12
3112;Relleu; 5; 431,03; 0; 0,0; 1; 86,21
46213;Requena; 710; 3505,48; 42; 207,37; 35; 172,81
46214;Riba-roja de Túria; 326; 1464,25; 23; 103,31; 7; 31,44
12095;Ribesalbes; 15; 1277,68; 0; 0,0; 0; 0,0
46215;Riola; 16; 909,61; 4; 227,4; 0; 0,0
46216;Rocafort; 88; 1215,47; 7; 96,69; 0; 0,0
3113;Rojales; 215; 1267,46; 22; 129,69; 8; 47,16
3114;Romana (la); 30; 1232,54; 10; 410,85; 1; 41,08
12096;Rossell; 20; 2134,47; 1; 106,72; 0; 0,0
46217;Rotglà i Corberà; 6; 527,24; 1; 87,87; 0; 0,0
46219;Rugat; 2; 1265,82; 0; 0,0; 1; 632,91
3110;Ràfol d'Almúnia (El); 5; 765,7; 0; 0,0; 0; 0,0
46210;Ráfol de Salem; 4; 865,8; 0; 0,0; 0; 0,0
46218;Rótova; 57; 4404,95; 5; 386,4; 0; 0,0
12097;Sacañet; 0; 0,0; 0; 0,0; 0; 0,0
3115;Sagra; 7; 1715,69; 0; 0,0; 0; 0,0
46220;Sagunto/Sagunt; 1384; 2092,53; 150; 226,79; 28; 42,33
46221;Salem; 0; 0,0; 0; 0,0; 0; 0,0
3116;Salinas; 41; 2560,9; 2; 124,92; 2; 124,92
12098;Salzadella (la); 15; 2130,68; 0; 0,0; 1; 142,05
46903;San Antonio de Benagéber; 77; 847,18; 6; 66,01; 1; 11,0
3118;San Fulgencio; 60; 763,84; 5; 63,65; 2; 25,46
3904;San Isidro; 31; 1560,93; 1; 50,35; 1; 50,35
3120;San Miguel de Salinas; 117; 1939,01; 12; 198,87; 2; 33,15
12101;San Rafael del Río; 7; 1492,54; 0; 0,0; 0; 0,0
3122;San Vicente del Raspeig/Sant Vicent del Raspeig; 962; 1647,68; 104; 178,13; 11; 18,84
3117;Sanet y Negrals; 2; 299,85; 0; 0,0; 0; 0,0
3119;Sant Joan d'Alacant; 364; 1522,06; 24; 100,36; 3; 12,54
46222;Sant Joan de l'Ènova; 3; 595,24; 0; 0,0; 0; 0,0
12902;Sant Joan de Moró; 48; 1519,47; 2; 63,31; 1; 31,66
12099;Sant Jordi/San Jorge; 11; 1131,69; 1; 102,88; 0; 0,0
12100;Sant Mateu; 34; 1732,04; 0; 0,0; 0; 0,0
12102;Santa Magdalena de Pulpis; 18; 2343,75; 1; 130,21; 0; 0,0
3121;Santa Pola; 612; 1894,38; 62; 191,91; 7; 21,67
12103;Sarratella; 0; 0,0; 0; 0,0; 0; 0,0
3123;Sax; 246; 2498,73; 29; 294,57; 6; 60,94
46223;Sedaví; 276; 2671,05; 37; 358,08; 2; 19,36
46224;Segart; 0; 0,0; 0; 0,0; 0; 0,0
12104;Segorbe; 126; 1403,43; 8; 89,11; 9; 100,25
3124;Sella; 1; 172,41; 0; 0,0; 0; 0,0
46225;Sellent; 6; 1542,42; 2; 514,14; 0; 0,0
46226;Sempere; 0; 0,0; 0; 0,0; 0; 0,0
3125;Senija; 1; 171,23; 0; 0,0; 0; 0,0
46227;Senyera; 25; 2200,7; 17; 1496,48; 0; 0,0
46228;Serra; 21; 672,22; 1; 32,01; 0; 0,0
12105;Sierra Engarcerán; 4; 409,84; 0; 0,0; 0; 0,0
46229;Siete Aguas; 18; 1559,79; 0; 0,0; 0; 0,0
46230;Silla; 333; 1774,01; 36; 191,79; 3; 15,98
46231;Simat de la Valldigna; 53; 1592,07; 18; 540,7; 2; 60,08
46232;Sinarcas; 8; 711,11; 1; 88,89; 1; 88,89
46233;Sollana; 54; 1110,88; 3; 61,72; 1; 20,57
12106;Soneja; 26; 1796,82; 7; 483,76; 0; 0,0
46234;Sot de Chera; 3; 813,01; 0; 0,0; 0; 0,0
12107;Sot de Ferrer; 11; 2650,6; 0; 0,0; 0; 0,0
46235;Sueca; 470; 1710,4; 31; 112,81; 2; 7,28
12108;Sueras/Suera; 10; 1904,76; 4; 761,9; 1; 190,48
46236;Sumacàrcer; 30; 2737,23; 2; 182,48; 0; 0,0
12109;Tales; 6; 727,27; 0; 0,0; 0; 0,0
46237;Tavernes Blanques; 197; 2160,09; 42; 460,53; 3; 32,89
46238;Tavernes de la Valldigna; 401; 2331,26; 66; 383,7; 18; 104,65
12110;Teresa; 1; 413,22; 0; 0,0; 0; 0,0
46239;Teresa de Cofrentes; 7; 1100,63; 0; 0,0; 1; 157,23
46240;Terrateig; 0; 0,0; 0; 0,0; 0; 0,0
3128;Teulada; 74; 665,95; 8; 71,99; 3; 27,0
3129;Tibi; 22; 1363,07; 0; 0,0; 2; 123,92
46241;Titaguas; 12; 2649,01; 0; 0,0; 0; 0,0
12112;Todolella; 3; 1935,48; 0; 0,0; 0; 0,0
12113;Toga; 1; 1000,0; 0; 0,0; 0; 0,0
3130;Tollos; 0; 0,0; 0; 0,0; 0; 0,0
3131;Tormos; 1; 294,12; 0; 0,0; 0; 0,0
12115;Toro (El); 0; 0,0; 0; 0,0; 0; 0,0
12116;Torralba del Pinar; 0; 0,0; 0; 0,0; 0; 0,0
12119;Torre d'En Besora (la); 0; 0,0; 0; 0,0; 0; 0,0
12120;Torre d'en Doménec (la); 0; 0,0; 0; 0,0; 0; 0,0
46242;Torrebaja; 3; 729,93; 0; 0,0; 0; 0,0
12117;Torreblanca; 120; 2170,77; 9; 162,81; 1; 18,09
12118;Torrechiva; 0; 0,0; 0; 0,0; 0; 0,0
46243;Torrella; 0; 0,0; 0; 0,0; 0; 0,0
3132;Torremanzanas/Torre de les Maçanes (la); 6; 907,72; 0; 0,0; 0; 0,0
46244;Torrent; 2108; 2564,23; 217; 263,96; 78; 94,88
46245;Torres Torres; 6; 941,92; 0; 0,0; 0; 0,0
3133;Torrevieja; 1356; 1627,13; 58; 69,6; 52; 62,4
12114;Torás; 0; 0,0; 0; 0,0; 0; 0,0
46246;Tous; 12; 950,12; 1; 79,18; 0; 0,0
12121;Traiguera; 46; 3338,17; 1; 72,57; 1; 72,57
46248;Turís; 90; 1354,2; 4; 60,19; 0; 0,0
46247;Tuéjar; 14; 1254,48; 8; 716,85; 0; 0,0
3127;Tàrbena; 2; 309,6; 2; 309,6; 0; 0,0
12111;Tírig; 1; 238,66; 0; 0,0; 0; 0,0
12122;Useras/Useres (les); 3; 311,85; 0; 0,0; 0; 0,0
46249;Utiel; 401; 3477,58; 69; 598,39; 27; 234,15
46250;Valencia; 21984; 2767,76; 1999; 251,67; 449; 56,53
12124;Vall d'Alba; 72; 2565,02; 5; 178,13; 2; 71,25
3134;Vall d'Alcalà (la); 1; 598,8; 0; 0,0; 0; 0,0
3135;Vall d'Ebo (la); 0; 0,0; 0; 0,0; 0; 0,0
12126;Vall d'Uixó (la); 623; 1967,78; 79; 249,53; 7; 22,11
12125;Vall de Almonacid; 1; 371,75; 0; 0,0; 0; 0,0
3136;Vall de Gallinera; 0; 0,0; 0; 0,0; 0; 0,0
3137;Vall de Laguar (la); 4; 472,81; 0; 0,0; 0; 0,0
46251;Vallada; 81; 2665,35; 7; 230,34; 4; 131,62
46252;Vallanca; 1; 719,42; 0; 0,0; 0; 0,0
12123;Vallat; 0; 0,0; 0; 0,0; 0; 0,0
12127;Vallibona; 0; 0,0; 0; 0,0; 0; 0,0
46253;Vallés; 0; 0,0; 0; 0,0; 0; 0,0
46254;Venta del Moro; 32; 2651,2; 5; 414,25; 0; 0,0
3138;Verger (el); 67; 1443,97; 8; 172,41; 1; 21,55
12135;Vila-real; 1247; 2450,24; 164; 322,24; 52; 102,18
12128;Vilafamés; 17; 922,91; 0; 0,0; 0; 0,0
46256;Vilamarxant; 92; 946,79; 22; 226,41; 3; 30,87
12132;Vilanova d'Alcolea; 7; 1198,63; 0; 0,0; 0; 0,0
12134;Vilar de Canes; 6; 3550,3; 0; 0,0; 0; 0,0
12136;Vilavella (la); 51; 1615,46; 1; 31,68; 1; 31,68
12129;Villafranca del Cid/Vilafranca; 55; 2500,0; 14; 636,36; 0; 0,0
12130;Villahermosa del Río; 74; 15132,92; 7; 1431,49; 15; 3067,48
3139;Villajoyosa/Vila Joiosa (la); 617; 1779,48; 84; 242,26; 23; 66,33
46255;Villalonga; 53; 1241,22; 12; 281,03; 0; 0,0
12131;Villamalur; 1; 1612,9; 0; 0,0; 0; 0,0
46257;Villanueva de Castellón; 172; 2440,06; 42; 595,83; 1; 14,19
12133;Villanueva de Viver; 3; 4918,03; 0; 0,0; 0; 0,0
46258;Villar del Arzobispo; 71; 1997,75; 3; 84,41; 0; 0,0
46259;Villargordo del Cabriel; 10; 1697,79; 5; 848,9; 0; 0,0
3140;Villena; 871; 2564,48; 89; 262,04; 18; 53,0
12137;Villores; 1; 2564,1; 0; 0,0; 0; 0,0
46260;Vinalesa; 43; 1257,31; 5; 146,2; 0; 0,0
12138;Vinaròs; 801; 2792,69; 58; 202,22; 11; 38,35
12139;Vistabella del Maestrazgo; 7; 2064,9; 0; 0,0; 0; 0,0
12140;Viver; 17; 1106,77; 1; 65,1; 0; 0,0
3081;Xaló; 14; 511,14; 2; 73,02; 0; 0,0
46143;Xeraco; 121; 2139,7; 25; 442,09; 2; 35,37
46146;Xeresa; 24; 1107,01; 11; 507,38; 0; 0,0
46110;Xirivella; 960; 3240,73; 97; 327,45; 14; 47,26
46145;Xàtiva; 675; 2309,19; 117; 400,26; 13; 44,47
46262;Yesa (La); 8; 3493,45; 0; 0,0; 0; 0,0
46261;Yátova; 9; 435,41; 0; 0,0; 0; 0,0
46263;Zarra; 4; 1114,21; 1; 278,55; 0; 0,0
12141;Zorita del Maestrazgo; 0; 0,0; 0; 0,0; 0; 0,0
12142;Zucaina; 1; 584,8; 0; 0,0; 0; 0,0
46119;Ènova (l'); 26; 2931,23; 10; 1127,4; 1; 112,74
